precinct,population
MPUNGAMHLOPHE,16212.872006586202
GLEN GREY,37896.544375768506
MOTSWEDI,50237.88940951953
MATLALA,94063.65087417641
GRAHAMSTOWN,34997.00847082055
VIOOLSDRIF,1249.8166075748231
MAHWELERENG,151652.61215492745
ORLANDO,132759.41019606113
KOMMISSIEPOORT,1499.4124205597568
PHILIPPI EAST,56093.15580732562
ATAMELANG,35583.35692393106
NDEVANA,24031.593212997715
RABIE RIDGE,121139.31575469648
LENTEGEUR,86391.25346788089
HEIDEDAL,25423.868593339335
SKUKUZA,5312.552790494097
REDDERSBURG,5581.841095882133
MBUZINI,22416.12467543943
TSHAMUTUMBU,21485.966330452142
BREYTEN,17126.91316241955
KAMIESKROON,6460.758220653488
VERULAM,112028.81012084082
LAERSDRIFT,4365.415064642499
PIENAAR,102263.3575331438
DA GAMASKOP,24985.270683711664
LANGLAAGTE,24972.616110848838
PHILADELPHIA,7310.145163229789
THORNVILLE,15232.407458323807
MASISI,20956.1013062533
MTUBATUBA,31415.43940013569
BOSCHKOP,30417.066144863715
BRANDVLEI,3472.343691472433
KING WILLIAM'S TOWN,43443.84924691526
BOLOBEDU,166745.34794311144
RAWSONVILLE,13072.055977389899
VILLIERIA,54501.261316034266
DOBSONVILLE,234876.82512683413
ZWELITSHA,38470.91349046466
TLHABANE,84904.56441433477
HENDRINA,33064.400002720824
LEBOWAKGOMO,137497.4501072326
CALCUTTA,163991.12539379337
KOKSTAD,57888.328445262756
VAL,4473.860503290858
TOUWS RIVER,8762.42770555742
SEBOKENG,164439.06089918807
KEI ROAD,2423.0937354766743
KLAWER,11035.115497833045
PHALABORWA,13875.63624484029
PORT EDWARD,32428.74438684171
KENTON ON SEA,11799.978902497782
CALA,46723.21452433891
INT AIRP KING SHAKA,182.9291540141828
NELSPRUIT,80714.63347938999
DUDUDU,27200.786641901483
VANDERKLOOF,1394.4095743645496
PAMPIERSTAT,36278.954619692595
OUDTSHOORN,74632.64668770402
NIEUWOUDTVILLE,2794.4935474178546
MARA,3262.3878236977494
RUST DE WINTER,3349.361640797313
CAMBRIDGE,83543.77249049535
LENASIA SOUTH,83582.16198680048
MAYFLOWER,38873.04908447739
RHODES,2022.596686390188
MPUMALANGA KZN,105266.6690315812
VILJOENSDRIF,6121.306374661482
WATERVAL BOVEN,7726.27207121057
PACALTSDORP,25522.543903613456
LEPHALALE,51186.09090131638
MAMELODI EAST,260784.33931343636
MELODING,40494.57910056286
ELANDS BAY,2570.8427251539265
NORWOOD,44060.279724696826
BETHLEHEM,87343.09662421979
WINTERTON,15508.694289438885
POLOKWANE,67556.79597892011
LIME ACRES,4845.636306884527
NTAMBANANA,35956.00809804948
MARIKANA,56873.3687165266
HEALDTOWN,5328.281284808324
HANOVER,5414.834332896402
BARRYDALE,7452.356748125659
ATLANTIS,79631.19431841915
LULEKANI,52933.213122347915
HANKEY,13703.544738493285
BUTTERWORTH,45370.573030659434
KATHU,19401.222998389425
DAVEL,7139.003613859396
CEDARVILLE,6543.388271603287
WAKKERSTROOM,10170.942338981662
PLESSISLAER,260994.7752664661
TUMAHOLE,39404.58576647095
BETHANIE,52588.182566262796
BRONVILLE,30044.912674365678
MATATIELE,14230.420852652533
VENTERSBURG,12880.153237336046
WENTWORTH,45751.33423010904
GOODWOOD,43921.98268223006
MULDERSDRIFT,32744.454733857754
MARGATE,63123.944157566344
HARBURG,13815.749262278692
EKOMBE,55910.75321433664
NORKEMPARK,70212.61817786879
FOLWENI,68500.49398761899
HEIDELBERG(C),15579.467499831682
HILLCREST,98659.66652806017
GROENVLEI,5253.824415150951
GERMISTON,72346.28592271896
GLENDALE,11600.12675314753
MABOPANE,88255.21444751142
THOMAS RIVER,664.8686066283974
RICHMOND-KZN,46623.08174714229
WANDA,980.2775369482363
RUSTENBURG,105472.8367250787
PAROW,60339.1882565746
ASSEN,5984.503155252212
OR TAMBO INTERN AIRP,170.34857897158162
BUSHBUCKRIDGE,108064.85555099
SIYABUSWA,114827.77085328638
BENONI,119025.29723328627
VREDE,20224.07260282558
MUDEN,13268.318841057298
WINBURG,15680.584763785733
LESLIE,36446.050164516695
WILLOWVALE,83329.93788598859
CARNARVON,7989.64506151427
MONTAGU,23408.200458837575
MID ILLOVO,23597.530183363997
CATO MANOR,95617.76913873445
ULUNDI,65077.013742410614
LADY FRERE,54244.35060405724
TARKASTAD,8082.131085097352
VENTERSDORP,54351.30192100964
RONDEBOSCH,14758.908906880142
QUEENSTOWN,35881.83974772907
DENEYSVILLE,20932.765798286542
LAMONTVILLE,33469.17112860727
KLERKSDORP,84122.77569788162
SASOLBURG,31894.840259318225
ROEDTAN,2823.4071575064913
SAKHILE,27195.199557057564
MMAKAU,29426.643676547526
KWADUKUZA,157244.21887637084
PRINCE ALBERT,10020.35569956918
CONVILLE,47205.11530240004
HOBHOUSE,4832.448771091671
ROODEPOORT,180157.3484174046
MONDEOR,157298.7363061687
SUNDUMBILI,74737.88680752921
RANDFONTEIN,149530.36840295183
VANWYKSVLEI,2280.3845005461826
JOZINI,75036.28771004546
HOUT BAY,33286.50583841655
NAMAHADI,55863.0182157766
WORCESTER,114202.82852978684
HARTEBEESKOP,11187.871560675978
BRIDGE CAMP,15731.88866612611
SOMERSET WEST,57097.68214750395
DULLSTROOM,7432.650105011361
ROSENDAL,5847.178179122502
DE DOORNS,35101.8264620998
TSOLO,110557.69002377854
SENWABARWANA,93887.6378203339
MAHIKENG,76633.90635078154
PORTERVILLE,15713.534910947648
MATSULU,49066.87290453457
HARRISMITH,51031.7688351958
HIMEVILLE,14914.671989250315
PRINCE ALFRED HAMLET,37987.746517403066
GROOT BRAKRIVIER,21327.33707847304
CHRISSIESMEER,10318.956225122472
MMAMETLAKE,75275.42698086174
MBIZENI,753.9263395897558
IDUTYWA,100063.55513224407
POINT,25253.36582164776
NALEDI,89686.49080368644
MOWBRAY,9943.559144071232
BAVIAANSKLOOF,1046.7918084153512
NGQELENI,164688.72577025247
ST FRANCIS BAY,6101.266983339682
MADEIRA,25325.54468900918
MARYDALE,3152.2457302727844
ETWATWA,142594.3141913348
CARLETONVILLE,61799.406533219
BEREA,27566.561156100892
LICHTENBURG,67550.29748779473
FERNIE,21857.865458582135
CALITZDORP,7623.816904941857
MMABATHO,134137.9547440169
PETRUS STEYN,14532.166583814096
IMPENDLE,29112.923424936267
KLEINVLEI,96589.29901704994
JERICHO,26813.581271444098
SPRINGBOK,14374.725395674785
LADY GREY,8139.976771127184
MORGENZON TRANSVAAL,11932.420398039529
VIERFONTEIN,9264.283812573272
CHARL CILLIERS,3171.646967446527
TOKOZA,97476.01972008763
SENEKAL,29094.223189839937
EZAKHENI,92261.08074139588
BAYVIEW,38318.858586529204
MAHLABATHINI,58791.14417642614
GOWAN LEA,22565.845761262142
UPPER TUGELA,28434.1889307311
CAMPS BAY,5523.654109667895
CRADOCK,43712.245510308385
IVORY PARK,277053.3963255699
PRIMROSE,66043.17711906362
BELLAIR,25319.922716196965
PETRUSVILLE,5610.177666712176
TUINPLAAS,1992.6103102967975
LETSITELE,77872.12787158591
BOTLOKWA,58979.10912784656
BELMONT,750.4429723459019
HARTSWATER,13353.021894052168
KAMEELDRIFT,16263.877955662712
UMBILO,40746.57043982506
NTUZUMA,117340.29298521567
GROBLERSDAL,21385.05041907448
MALVERN,38456.8291358161
MONDLO,100187.96836244868
VERENA,23068.96078578324
ST HELENA BAY,11318.77613389596
GRASKOP,4835.707385481668
RANDBURG,46537.15742063538
PORT ALFRED,8805.779780417979
MACASSAR,35030.029916873245
LANGA,47482.09754559641
ITSOSENG,58571.12730135066
SAAMBOUBRUG,1302.3568271225497
TROMPSBURG,6299.1965222748095
GRABOUW,42174.6901772205
BATLHAROS,21285.098792816036
VOSMAN,202605.87557786301
CALVINIA,10648.060120062331
PARK ROAD,79206.00907640309
THABA-NCHU,15666.58571953039
CENTANE,78962.10681224377
SHEEPMOOR,8493.51060309563
AUGRABIES,14378.645598071089
ALEXANDRA ROAD,86479.40752812989
MALELANE,11570.756609255224
ATTERIDGEVILLE,170121.87092176592
SUTHERLAND,3969.116683397473
PRETORIA WEST,98787.26717271595
BEAUFORT WEST,40076.21446043982
KWAMBONAMBI,89399.19453359392
HAMMANSKRAAL,53046.3192507621
KEIMOES,16944.122698376847
WARRENTON,23031.898337596696
MANKWENG,198514.41425114436
MEHLOMNYAMA,30948.136129206803
JANSENVILLE,7005.21371824831
PIENAARSRIVIER,3085.2493757222305
KUBUSIEDRIFT,515.2320464573687
GIYANI,229601.8125693226
KAGISO,178164.3230763071
WRENCHVILLE,7316.9404286278705
STRANDFONTEIN,28257.48048728643
KWADABEKA,108559.1581450958
FLAGSTAFF,135086.1940741196
WEDELA,25324.76677665236
KWAMHLANGA,126795.70255263279
DANIELSKUIL,13955.280228346424
THE BARRAGE,10050.367848902433
STANDERTON,69593.96798824125
SOPHIA TOWN,80296.48654064308
FOURIESBURG,18420.971549491136
WOLMARANSSTAD,44694.44968185389
MOUNT FLETCHER,65169.86964924557
NAMAKGALE,80021.47692524013
UNIONDALE,13939.397964777534
SOUTPAN,4208.213012073218
DINGLETON,4063.7551337423765
MAKAPANSTAD,53009.39730905205
KINKELBOS,2576.72703565572
NOTTINGHAM ROAD,8948.172339213788
LAUDIUM,27293.630476210776
RIETBRON,1627.558602992156
MIDRAND,80789.30836476389
HAZYVIEW,39172.45541262825
SABIE,19475.491782269943
DUNCAN VILLAGE,72510.92306592937
EDENBURG,7706.836229512822
VANRHYNSDORP,7667.309808112159
MASHASHANE,55083.13219324353
MPISI,24953.44725602447
HENNENMAN,26199.719921521886
ROSEDALE,42945.92116609786
ROOIBERG,5712.1029058065305
MTONTSASA,38651.115428350204
KLEINMOND,9110.383188240412
FRASERBURG,4110.048157213132
MAKHADO,59894.64924788428
CAROLINA,22361.764312607967
TABLE BAY HARBOUR,2389.676799368076
KAKAMAS,23907.55457978962
ROUXVILLE,8302.318436092539
MTHATHA,168586.92401702766
BRITS,82460.32586131149
LUKHOLWENI,19938.14942423863
MARQUARD,17015.951981783135
KNYSNA,68513.36651316701
BRIXTON,46018.307566116295
SCHWEIZER-RENEKE,18787.813132990676
MOUNT AYLIFF,98220.19529799937
KRIEL,39306.773179218566
TABASE,7267.271188509415
TOWN HILL,18105.784178611346
MAPHUMULO,57370.05586595575
EVANDER,11150.983138506681
HEUNINGVLEI,5677.274609934735
BIZANA,115006.63674175073
MTUNZINI,79934.5526255079
DORINGKLOOF,1139.3902190065296
CUMBERLAND,1680.6163174552917
CRAMOND,10579.998006817006
JHB CENTRAL,51186.73983444719
MZAMBA,67445.66253368354
COFIMVABA,83460.66884087697
LEBOENG,22226.66359377218
NEWLANDS EAST,76794.77675046463
IKAGENG,107765.1173764509
STELLA,9323.204769879188
ZEERUST,23682.39343667044
WIERDABRUG,111352.61677264358
KOPANONG,60013.58146031891
KWAMAKHUTHA,106709.9295799088
DELPORTSHOOP,15503.141603177379
BLUEWATER,10264.840120331788
MEADOWLANDS,143810.6371380364
GAMALAKHE,32834.146324331734
GANYESA,55687.84135819359
ESTCOURT,47844.39084272336
BUFFALO FLATS,40238.554395500185
ALICE,44033.995112283104
SUNDRA,18918.593078386133
MACLEAR,11699.242644179096
ZELE,28214.00268656083
SETLAGOLE,27233.605613572727
HLOGOTLOU,77174.0026503567
BITYI,73690.82558582889
CAPE TOWN CENTRAL,35018.903233463345
TRICHARDT,5981.391733579904
KOLOMANE,1647.844931362041
UMZINTO,42757.28262354041
VOSLOORUS,165755.21599116805
ILINGE,17412.471127749024
PABALELLO,18007.588144954138
MAKUYA,19265.590663625102
LUCKHOFF,4307.812196170332
NHLANHLENI,59013.72038943714
MACLEANTOWN,10433.180598574096
VANDERBIJLPARK,137061.51658848362
MITCHELLS PLAIN,195376.9281294219
BOETSAP,529.3440658122806
HIGHFLATS,63173.411280488705
MSINGA,118363.39079282744
MURRAYSBURG,7427.378113428531
BETHELSDORP,144155.82072907742
SASELAMANI,63418.24927703906
ELSBURG,45024.312366995204
TSHAULU,43483.77509268915
MOGWASE,119032.07286334087
BELA-BELA,58986.89480854631
ZEBEDIELA,30822.983765177836
BIESIESVLEI,12731.141280606133
NEMATO,18222.91257932597
LIBODE,119919.32606647669
PROTEA GLEN,127729.1696922636
KIRKWOOD,23558.898458663432
PILGRIM'S REST,2173.440405570133
STEVE VUKILE TSHWETE,17897.68578660176
SWARTRUGGENS,18209.610447857744
VULINDLELA,63467.71018669529
RIETGAT,219570.5588476762
SOSHANGUVE,96465.61475551598
HEUNINGSPRUIT,1369.1510560389638
HONDEKLIP BAY,1053.390210710519
ALLDAYS,6409.8321261088395
MARIANNHILL,123567.67312878386
KIDDS BEACH,13078.574768775981
TAMARA,18761.929802870516
DE AAR,14307.796674717109
LWANDLE,65146.084404750916
PHUTHADITJHABA,81193.90201671142
KENSINGTON,25606.956339193846
EZIBAYENI,21104.31175780025
MANDENI,11362.483510628927
GRAVELOTTE,4485.939850528815
EKANGALA,48446.76548345706
MOUNTAIN RISE,122615.83412425879
LAAIPLEK,13765.530401585813
NEWCASTLE,66052.91278450108
HOOPSTAD,19255.06677091986
SPRINGS,113681.95949176575
SILOAM,61820.91325519104
DUNNOTTAR,10478.821226906462
VOSBURG,1764.0108536366947
STILL BAY,8189.017720369465
HOFMEYR,5066.783677015026
WESTONARIA,34420.99783261418
BARKLY EAST,13077.456792393934
WITDRAAI,1501.6450881595347
MAFUBE,28022.828680114635
ARLINGTON,4900.381469363352
MOOIPLAAS,12744.537224106973
THORNHILL CISKEI,6088.442253708385
MOROKA,238353.9428515505
KOMATIPOORT,21544.116120447783
LEEUDORINGSTAD,16386.24279674651
LINGELETHU-WEST,64371.027152986826
UGIE,14068.613081077356
CHALUMNA,11871.791179717851
CAMPBELL,4317.596577130431
ENGCOBO,108883.58752052503
DARLING,15411.303908511529
YEOVILLE,42862.10644985007
NTABANKULU,119993.64472065873
GLEN,1176.651057331404
ALLANRIDGE,19814.760666954062
STILFONTEIN,17725.81986900477
KWANOKUTHULA,20941.094242754993
MFULENI,115794.06066821405
CLANWILLIAM,15531.694667628408
ERASMIA,23107.330537185884
BULTFONTEIN,27814.41164762787
LEEU GAMKA,5388.90415552982
BOTSHABELO,81876.392521963
TINMYNE,46262.527938110434
VENTERSTAD,6256.593130246742
JOZA,34765.42227629656
SOUTHPORT,21714.852919196495
KEI BRIDGE,5609.125184517807
ELUKWATINI,65057.96525435922
BABANANGO,28357.578940536965
EMPANGENI,146027.61281701253
EENDEKUIL,5669.288132032623
FOCHVILLE,47017.05292806234
ONSEEPKANS,4038.935679816084
MOKOPANE,44405.56438915874
BRAKPAN,76299.27644917705
UPINGTON,32597.571848510855
PORT NOLLOTH,7106.250940904015
WESTENBURG,92863.00472650386
HOEDSPRUIT,34861.15645329561
HEKPOORT,3931.785628276567
OLIEVENHOUTBOSCH,97376.34083781567
VERKYKERSKOP,3014.5817724585427
DE RUST,5910.523877462699
GINGINDLOVU,33604.7203250743
TAYLORS HALT,96498.8864646947
BRACKENFELL,50658.21890221646
KANONEILAND,4014.983389901795
HONEYDEW,220839.88836948006
BOLOTWA,17109.18190201003
NIETVERDIEND,1112.4557162395554
MALEBOHO,57255.311035914805
EVATON,210759.8845301168
LINDEN,65808.47879649361
SIMON'S TOWN,13042.987409838795
MOSSEL BAY,10499.409557970575
KHAYELITSHA,154362.25837423833
WELBEKEND,18722.45908471585
UMZIMKHULU,61388.15964165992
THORNHILL,7759.491016666014
RIVIERSONDEREND,7859.359163746684
KWA THEMA,96033.94055748664
JAN KEMPDORP,26864.82697467555
NAPIER,6778.518782258232
PHUMALANGA,16059.563226793933
MKHUZE,17776.71290079288
KANYAMAZANE,51668.00665212374
THABONG,113471.45295454594
MECKLENBURG,131329.320218656
GARIEPDAM,1762.6817355258438
MOKOPONG,545.1854315359691
PADDOCK,13117.301535121009
KWADWESI,54343.32412988471
PHOENIX,204429.97770320924
MAYVILLE-KZN,32836.122245050305
LOATE,105378.23844039484
SEYMOUR,6033.298181967044
WELLINGTON,53615.969935126566
MOFFATVIEW,67016.97788451485
GROOTVLEI,6706.1030254054585
HELPMEKAAR,23466.29014351906
DUDUZA,73762.72862784675
IBISI,48416.066273223245
VAALBANK,53459.14505545858
ROADSIDE,1123.8283294266382
OSIZWENI,147688.13096305227
OCEAN VIEW,40391.80825566125
VILLA NORA,34532.19003993351
NONGOMA,198888.28017932954
KINROSS,15563.08682319189
BEDFORD,10480.176733438211
GLENCOE,18592.41452759531
HERTZOGVILLE,12802.708916043186
KAMESH,70406.44431243227
MOOIFONTEIN,45528.17590273287
NYANGA,202332.39014541102
PARYS,10180.22642210452
STEUNMEKAAR,1212.95900390196
WARDEN,13892.456936663079
MSOBOMVU,41625.882326682346
HILLBROW,137778.40807004165
GONUBIE,24727.29591136788
HIBBERDENE,64183.69798802541
EMATSHENI,30092.077953191914
ALEXANDRA,177764.60243550723
MEYERTON,47354.45432594347
KESTELL,11044.478168188345
CLAREMONT,30900.566843046963
BADPLAAS,11856.83831320827
BOIPATONG,24357.121186972592
BONNIEVALE,13959.42129064053
RIETVLEI,5632.798267410618
DEVON,10716.73044702288
VILLIERS,18153.206000375692
DEWETSDORP,11492.551773937776
MODDER RIVER,15658.263014274311
VRYBURG,32658.433380233724
BRONKHORSTSPRUIT,61002.16975601041
CHARLESTOWN,8294.297122269792
LINDLEY,13566.728779042442
SMITHFIELD,6168.344722338415
WELKOM,66047.25463010713
RAVENSMEAD,61418.47757435759
ROOSSENEKAL,7786.704067713926
KENHARDT,5958.095382871832
VEREENIGING,83720.49468734511
OGIES,42723.84447405994
ELDORADO PARK,73947.0759804627
PORT SHEPSTONE,75574.0447723139
HOWICK,37738.65006340443
TEMBISA SOUTH,112293.3088958211
WITBANK,106958.89741175063
IKAMVELIHLE,43468.98326764983
PORT ST JOHNS,72581.47540411293
MOTETEMA,78056.6647552543
LETHABONG,26354.401790287615
LADISMITH,17393.383885098952
WILLOWMORE,9784.048098354404
MOUNT ROAD,35623.291064060504
STRAND,51599.50538332574
KOPPIES,15928.8347080386
JANE FURSE,58033.189824483554
JEFFREYS BAY,29172.896969490033
MOGWADI,28287.612977767985
HOPEFIELD,8893.822188301889
TSOMO,49579.73125289437
LUTZVILLE,14476.047639804156
GA-RANKUWA,97751.04633217021
LADYBRAND,28547.894036024634
DUNDEE,41285.52007933741
ADELAIDE,13587.572554234417
FRANSCHHOEK,22534.827195199166
NQUTHU,100693.74498020372
MAGALIESBURG,12454.901717869874
COLENSO,12430.742332714553
STEENBERG,61725.62314002964
VOLKSRUST,28373.39913130581
BHISHO,17228.843777914186
FORT BROWN,1148.457303251619
SUNRISE,16375.794715884254
CEZA,30700.243760850382
COLIGNY,31903.44816452564
RITAVI,91987.42389798298
MUTALE,54934.7196035602
SAWOTI,32533.84274481888
FLORIDA,66056.98654014783
CALEDON,27350.97634629742
BOTHAVILLE,50676.27324221389
BERLIN,13417.40184712633
ELANDSKRAAL,18163.94973408423
HARTBEESPOORTDAM,37762.91821626725
NEWARK,14648.484148771135
DYSSELSDORP,14948.61954080988
OTTOSHOOP,7598.758271534315
PELLA,3386.145082802489
MAGUDU,8157.882973308518
EKULINDENI,8667.390659489673
PONGOLA,109204.73539777914
DEBEN,8259.915372650594
ZAMDELA,84211.76396659014
IPELEGENG,36598.865356620976
HARDING,94154.45164915208
HARARE,172475.41700241624
NEW BRIGHTON,96710.7982626479
ZASTRON,17428.960468397734
BATHO,15869.025966623247
VERKEERDEVLEI,3030.234206536893
EXCELSIOR,7215.578828687023
GARSFONTEIN,101378.0039864131
MQANDULI,87447.9304730081
PAARL EAST,83690.43316391531
PEARSTON,5061.702363514908
GREYLINGSTAD,8660.706090732814
SESHEGO,192562.01036354687
ST FAITHS,20731.18620041363
KWAMASHU E,146683.6279004066
DANNHAUSER,72964.24601739008
NGODWANA,7943.060094179903
TUBATSE,92272.5584060812
MASEMOLA,38520.43296276359
LAMBERTSBAAI,7077.8422144215765
MAARTENSHOOP,5395.566390483083
BURGERSFORT,50671.162972105616
DIEPRIVIER,38699.485272730046
HILTON-KZN,10873.295883245317
TEMBA,240227.77665336177
VICTORIA WEST,9882.332880955253
NIEKERKSHOOP,2752.9064802661173
ASHTON,18655.077483757763
PETRUSBURG,10462.268786554778
DELAREYVILLE,25474.314708962895
GEORGE,61714.602845837086
PIET PLESSIS,6003.723268111218
KAGISANONG,86836.34181362193
TSHILWAVHUSIKU,67636.63552581398
RIEBEEK WEST,16125.255718935074
BELHAR,56835.49650889371
HUMANSDORP,34097.91762790746
TSHITALE,41106.29902975209
KUYASA,10071.988120449434
MOTHUTLUNG,12229.964391401283
MHLUZI,88044.6639603845
PRESTBURY,14452.062949919578
MOUNT FRERE,111229.94782371823
ADDO,20938.32524486311
MSINSINI,37504.87146976317
REIVILO,7214.393124673888
MOTHIBISTAD,68818.34075973742
MANGAUNG,51858.20851384188
BELL,6847.74119296648
ZAAIPLAAS,14816.911420400837
GELVANDALE,75022.42126171975
STEINKOPF,8382.529881107515
COOKHOUSE,8758.58728138545
BETHULIE,7302.296372531975
VRYHEID,63896.132500833315
ALICEDALE,4420.374556739926
HARTBEESFONTEIN,29646.87052896899
STERKSPRUIT,59302.918426977994
NAVALSIG,13879.478110990762
BEACON BAY,30944.81728460222
KRAAIFONTEIN,165572.17725296304
KRANSKOP,56330.06757182277
TULBAGH,18758.54011721202
NUWERUS,5068.665897089806
VAN ZYLSRUS,2860.3172135340346
FICKSBURG,45413.45481495797
MALETSWAI,17911.534209356625
MAMELODI,72532.86406813338
WATERPOORT,3868.198600869234
EDENPARK,82491.7574230457
MAITLAND,19529.234185066365
FAIRLAND,21498.55075082093
KWANOBUHLE,105584.65486363496
ACORNHOEK,127623.36023872506
INGOGO,4039.917146950777
SALDANHA,28968.292686682547
VORSTERSHOOP,730.2797693346959
FRANKLIN,3928.6823784847884
BRIGHTON BEACH,35017.25309988123
ELLIOT,18116.625572415993
DORING BAY,3305.7912832191228
LADYSMITH,105649.65825872931
CLOETESVILLE,51189.624252985006
SINOVILLE,68869.02457603421
VUWANI,82843.85970083611
RICHARDS BAY,76031.30844210024
BAINSVLEI,21456.7092517006
MAKGOBISTAD,16500.208626233358
MUSINA,57284.04683617086
BURGERSDORP,18757.934805151395
KEI MOUTH,3054.280000091715
LOTHAIR,14358.24272844913
MONTCLAIR,34525.71086745125
POFADDER,3548.7273091107436
STEYNSBURG,8625.689234963755
INYIBIBA,43243.959774906805
BOTHITHONG,33673.873371199996
GALESHEWE,78685.15729358
STRUISBAAI,4512.299663029762
ESHOWE,98146.75332922004
HUHUDI,26625.749996035123
NORTHAM,30767.581321055128
BALFOUR,4208.916526676901
NORVALSPONT,1373.8985322851804
PHILIPSTOWN,3984.875296975948
BEKKERSDAL,77220.76869567794
KOMGA,10401.788042336948
ALBERTINIA,8328.043016665773
NABABEEP,17464.37060877891
SEVERN,4088.014807529969
ESIKHAWINI,115280.25109746317
NDUMO,39281.79205028902
MOYENI,7233.492471318283
SEA POINT,24807.55772874274
MBAZWANA,42733.79381056079
SANNIESHOF,16212.604832698042
BULWER,56546.81279939235
DE DEUR,79798.99633316687
KAREEDOUW,9773.59051256271
MAKWASSIE,17635.682191402455
BOTHASIG,26681.44872158717
SWARTBERG,3299.2320162426895
MAOKENG,73905.91367474911
OLIFANTSFONTEIN,40709.81287555329
DURBAN NORTH,39849.61268089007
TEMBISA,276366.7044170092
HEBRON,42052.2110287046
THOHOYANDOU,299409.58526041167
BELLVILLE SOUTH,29295.421507178577
PRETORIA CENTRAL,53175.411961606456
DALASILE,37047.832697542035
PARKVIEW,38408.26265077798
KAAPMUIDEN,2905.676725936698
VREDENDAL,25740.086539223936
FISH HOEK,20287.211535859336
ALGOAPARK,35483.428245183626
MIDDELBURG(EC),21707.39135031314
GLUCKSTADT,20280.842142569476
DURBAN CENTRAL,49002.48551322059
NTABAMHLOPHE,45088.149995184474
EAST LONDON,73860.21204687437
DIMBAZA,44408.01463081167
EZINQOLENI,59904.87012123835
ELLIOTDALE,55301.933017037874
MAAKE,161331.70862185687
KLEINBULHOEK,9952.981024999117
MILNERTON,86089.22648987155
NEW HANOVER,17947.645158694988
HENDERSON,840.692816374351
MHALA,134436.67611921494
EMBALENHLE,119140.64657415861
MOOINOOI,42964.31333918778
BEDFORDVIEW,38767.43363656574
HLABABOMVU,32222.5483016302
COMMITTEES,367.3050748782226
BARKLY WEST,22943.167529643033
HERCULES,47330.339022203516
LOUWSBURG,16122.164917221862
MADADENI,157124.88449100903
DALTON,17860.9718332684
MADIKWE,62231.51103534437
SECUNDA,39866.913827873126
TIERPOORT,2334.3353872499506
KRUGERSDORP,126326.78340610044
TARLTON,15110.278669615262
KWAGGAFONTEIN,97643.3008571308
BOSHOEK,4896.029224218203
UMBUMBULU,47650.254034764504
TOM BURKE,11849.661887406428
NQAMAKWE,67479.22976234277
ZONKIZIZWE,80910.53800215434
DAWN PARK,80306.41669526041
QUMBU,43206.04876975971
PAUL ROUX,8098.345589001614
CREIGHTON,14010.258426799375
INDWE,9128.883873909504
EMATIMATOLO,33306.76491916705
HEIDELBERG (GP),25889.65304033336
PERDEKOP,8312.460569638331
SELOSESHA,66834.88477172158
WEPENER,10444.028682955784
JEPPE,63720.98715285088
UITENHAGE,41395.17632607226
NGANGELIZWE,57617.03445967268
KAGISHO,45725.155848896546
TABLE VIEW,73604.21380901107
LAINGSBURG,8090.0563966326
TSINENG,22075.28475221352
MAHAMBA,8874.079332193309
CULLINAN,42448.613230026
KWANONQABA,33736.220209522486
MOTHERWELL,97614.31721007683
DESPATCH,32439.745208295444
TZANEEN,68828.52705396077
LEVUBU,53640.911803523966
SEKGOSESE,46031.134041888894
NOENIEPUT,779.2484093075906
GROOT-DRAKENSTEIN,17217.79957011759
CHRISTIANA,24036.65778176532
KROONSTAD,29209.26088608716
SANDTON,106483.81914259562
MPOPHOMENI,28963.897292945778
SEVEN FOUNTAINS,3330.7634947999645
UTRECHT,22741.464112651945
BHEKITHEMBA,136659.21240329865
CLOCOLAN,20218.231446872593
MCGREGOR,5786.165708616002
RANKIN'S PASS,2680.441166306131
RIETFONTEIN,5305.114274067736
DORSET,2380.108388363932
PIKETBERG,23735.130746808343
BETHAL,17019.915982837072
TWEEFONTEIN,61484.507202641515
BRITSTOWN,6224.008491470203
THEUNISSEN,30360.130833708543
TWEESPRUIT,8183.277581573946
ODENDAALSRUS,67512.17711148833
DENNILTON,102247.51290444323
BOITHUSO,99829.89057908216
ROSSOUW,736.7383233229781
WESTVILLE,31136.626064244778
MALAMULELE,134305.38363680255
KWAZAKELE,107458.20626265643
NONDWENI,17387.60579652374
KURUMAN,17350.861778475904
TSAKANE,210374.82868564862
MBEKWENI,40202.19396729517
PIET RETIEF,100638.34617297926
LEHURUTSHE,62102.83501898739
BELLVILLE,65990.48257176884
ISIPINGO,46526.22424482926
HAENERTSBURG,4956.632152933374
ACTONVILLE,52830.84825827189
THEMBALETHU,43892.36141481833
TSHIDILAMOLOMO,14065.747792355724
INANDA,325564.5137999381
MADIBOGO,35828.10118509802
MARBLE HALL,76218.60745353009
CORNELIA,5259.7760430709095
KWANDENGEZI,67527.17986124005
SEAFIELD,1538.7914138781102
GUGULETHU,124020.13180233979
SEBAYENG,44732.32104547396
LANSDOWNE,48486.70819018943
SUURBRAAK,2945.150987733205
KOFFIEFONTEIN,11825.067009609042
MELKBOSSTRAND,12383.343232302112
NKANDLA,64344.40981252311
KLIPGAT,77705.59664956291
MALIPSDRIFT,20283.574654819287
ALEXANDER BAY,4863.872253201695
OHRIGSTAD,2865.1865680642354
ALIWAL NORTH,18525.52779182808
NGOME,16315.796788014346
NDWEDWE,112986.3156665541
WOODSTOCK,27551.073720706543
RICHMOND(C),6735.9253885486005
LYTTELTON,109189.97498712764
EMZINONI,48975.46902438158
PRIESKA,15941.745413328528
KANANA,78490.158118968
AGGENEYS,2383.780063164381
ORANGE FARMS,210173.75781744963
ERMELO,93462.08033332556
MODIMOLLE,45807.980892670974
BROOKLYN,69107.04969642303
AMANZIMTOTI,60043.70281309107
BRANDFORT,13854.004189575331
KEMPTON PARK,73363.50725674398
HERMANUS,47845.19883007122
SEKHUKHUNE,120640.7537672519
JAMESTOWN,5609.215512294328
ROODEPAN,36166.12429018368
BOKSBURG,63183.470854727966
KWAMSANE,128606.43024808637
MAGATLE,63883.772307536616
BOKSBURG NORTH,61416.43946334083
GILEAD,53670.78182683114
SARON,10032.256127927556
UMLAZI,294450.98902908765
RIVERSDALE,20242.545949838586
PUTFONTEIN,43121.26696434912
MOOI RIVER,29260.804937414385
PRETORIA MOOT,30542.38793259169
INTSIKENI,47934.885175438314
SCHOEMANSDAL,90757.79943449248
MACHADODORP,10194.334863895774
VREDENBURG,41200.55728371939
BATHURST,8305.6776725716
WILLISTON,4324.454226592833
APEL,73864.69918286956
KATLEHONG,155941.23093969282
KIMBERLEY,71652.47959155355
WASBANK,4886.036502550052
BUFFELSHOEK,2794.8210442775976
VAN STADENSRUS,2440.1736988387397
ENNERDALE,104808.84988446198
AMALIA,7708.848993103365
HAMBURG,1917.8376930312477
MPHEPHU,75742.88680803453
LYDENBURG,48994.95182512061
BOLO,5568.712109825257
CLARENS,8783.981452368169
BOITEKONG,147008.08866413677
POSTMASBURG,32955.41003621332
MANENBERG,85282.59536108868
SANDRINGHAM,43535.21399577905
MLUNGISI,52960.95142432409
BULGERIVIER,1416.1666790522363
DELFT,153758.6630330553
ROBERTSON,35712.64250057528
DUBE,23812.14956354884
DONNYBROOK,28547.386823427878
EMANGUZI,95168.92579741827
NOUPOORT,8265.792586182833
THABAZIMBI,44114.147314117705
MAYDON WHARF,900.0396682575691
MIDDLEDRIFT,18888.592141669822
SPRINGFONTEIN,4244.487738768731
STANFORD,6084.194836856144
STRYDENBURG,3429.4221473451626
TONGAAT,71216.9223277014
CRYSTALPARK,37162.02266348385
BERGVILLE,54820.30616796469
TSEKI,65177.545213074336
GORDONS BAY,16571.78820780329
CAMPERDOWN,20560.29732726628
PALMIETFONTEIN,34489.64703796188
BOONS,6532.026932720267
ZAMUXOLO,11642.731916732686
TONGA,236739.61581512593
TWEELING,7414.764747441303
SEBENZA,30687.696120789762
MEMEL,8808.89384687137
KHUTSONG,62928.9496629641
SUNNYSIDE,82835.41456513765
KWAAIMAN,54505.43328270881
KLEINSEE,831.8716451780335
DOUGLAS,22490.412737126164
TINA FALLS,20109.684612621353
JOUBERTINA,20348.682645218545
DIEPKLOOF,102990.3800597009
NTABETHEMBA,10646.898609424783
CATHCART,9445.768629629383
HATTINGSPRUIT,8756.686046186924
GOEDEMOED,973.9110668439387
MODJADJISKLOOF,34659.90352357728
WITRIVIER,29524.20358649228
EZIBELENI,30110.43830691841
PEDDIE,24086.591107345153
LOERIESFONTEIN,3500.5627898051944
WOLWEFONTEIN,1322.4778127433326
OTTOSDAL,29592.050930962614
JOUBERTON,113584.91540394507
NEBO,91953.54460413248
DELMAS,59195.723026599044
FLOUKRAAL,472.4295302655006
COFFEE BAY,18178.501736073944
BISHOP LAVIS,106051.07344255279
MOORREESBURG,23324.108945117874
ROSEBANK,8308.338120389133
EDENVALE,52508.57788132336
GARIES,2698.9635567246
LOXTON,1689.6343069345592
KLIPTOWN,102490.58799872918
HLOBANE,30055.15170213416
FAURESMITH,4621.227225422562
CHUNGWA,18789.73304103877
PHILIPPOLIS,4558.199424887504
MOREBENG,12273.192477862101
RATANDA,51670.111455167935
HOOPDAL,2224.197830997051
BELFAST,20891.573005400962
JAGERSFONTEIN,6295.920145621506
SILVERTON,102185.67464007679
WYNBERG,25217.871639981357
SWARTKOPS,27935.707422158634
AFSONDERING,21314.682153754355
IXOPO,44434.23075153276
BRACKENDOWNS,55584.94886252271
TYLDEN,1926.8414626733925
MELMOTH,82888.18511442166
KHUMA,46467.985944520544
FORT BEAUFORT,26817.85870607041
CERES,42109.96279600267
VAN REENEN,3278.320588547331
PUNZANA,15999.333649462213
LOW'S CREEK,6769.864757297126
MIDDELPOS,1163.4697302805384
PHOKENG,122958.98341280085
HOPETOWN,12404.963728373114
WOLSELEY,16658.89498798131
NSUZE,56542.375112634465
SULENKAMA,29054.556825242315
CITRUSDAL,19354.938429030353
MIDDELBURG MPUMALANG,99806.97596611646
ELANDS HEIGHT,499.5919548213539
GRIEKWASTAD,7397.4569309055605
KWANDENGANE,30197.358010335083
HEILBRON,30952.417439169712
CLEVELAND,43024.52092236726
SYDENHAM,74223.73325001137
LOMANYANENG,53387.252582442714
UMSUNDUZI,42418.819440779844
HLUHLUWE,66284.03308564598
BRAMLEY,46394.89424587351
POTCHEFSTROOM,51890.73641039866
ELANDSLAAGTE,23551.06185700756
LANGEBAAN,8183.050141772065
TOLWE,2992.2402000532247
VIRGINIA,26442.865698706726
JABULANI,110805.80938645896
KEISKAMMAHOEK,28438.256767472478
WITPOORT,26799.669971080384
KOSTER,31028.16347420529
DAVEYTON,117534.60108366086
SUN CITY,69054.96364210916
KATKOP,17240.940694957222
AMSTERDAM,26149.187129988273
BOOYSENS,80498.54776151037
BESTERS,28217.37793053634
EVATT,1525.1184532909047
KUILSRIVIER,71953.46338022868
AMERSFOORT,36169.01396072012
BREDASDORP,22621.46919153971
WEENEN,30527.656900457852
PATENSIE,8579.905594826289
IDA,1738.042742804433
HOGSBACK,1731.4668938350412
WARTBURG,7498.432028135821
NIGEL,32410.333236704253
KATLEHONG NORTH,118433.62276001066
MAKWANE,42619.17702903583
EDENVILLE,7726.97324651111
DEALESVILLE,6714.019203352356
KABEGA PARK,72276.76461098646
ELSIES RIVER,69690.93136421187
WALMER,71793.41712673509
DIRKIESDORP,40058.0194443343
ORANJEVILLE,6181.174020554924
ALBERTON,90144.2319667369
PATERSON,6466.804848666308
MALMESBURY,58356.49984829971
INGWAVUMA,75935.10597156735
DIENTJIE,16184.223258634673
GRAAFF-REINET,41544.81381393422
PINELANDS,20663.07869490614
OLIFANTSHOEK,11352.77654503359
MOLTENO,13332.08656810623
MALUTI,93741.1425202915
GRASSY PARK,88627.73119254781
SHARPEVILLE,64978.586602306976
WATERVAL,86176.44146327008
GRAAFWATER,4940.353714454165
BLOEMHOF,30083.97061944466
PUDIMOE,36423.891053592015
WONDERBOOMPOORT,20303.351100463486
KINGSLEY,4006.553917994914
RIEBEECK EAST,1329.2718239671951
HUMEWOOD,38425.16331341682
ORKNEY,24699.35778371986
VAAL MARINA,2003.018243967959
WESSELSBRON,30461.626423774473
GROOT MARICO,14110.461619223008
BLOEMSPRUIT,103392.88998692823
KLIPRIVIER,13655.747041430726
DWAALBOOM,1880.1613295584493
REITZ,25483.650012645845
HLABISA,33735.57127274509
STELLENBOSCH,53346.86501964672
AMANGWE,43393.492140708426
KABOKWENI,131276.19581569498
MOROKWENG,28761.183361180185
UMHLALI,74729.28190917353
NABOOMSPRUIT,30101.79420239034
BOSTON,5935.204881904135
PIETERMARITZBURG,20440.579919860767
GENADENDAL,10670.247035534381
PHILIPPI,53901.901369445106
VREDEFORT,15613.530518178748
STERKSTROOM,8625.864218485796
PLETTENBERG BAY,26924.29579706875
ALEXANDRIA,13844.567039381187
ATHLONE,63307.14238067095
MASOYI,98815.36228054574
MBONGOLWANE,31980.177882490967
AVONDALE,33902.07292064702
HLANGANANI,59316.724184403305
ABERDEEN,9866.916167680723
UMKOMAAS,68068.71610230257
HAMMARSDALE,16560.70996408951
CYFERSKUIL,20504.81316545686
STORMS RIVER,9591.30079874179
CHATSWORTH,154287.39208644629
MDANTSANE,83790.74079032929
KGOMOTSO,14462.049267462698
GROBLERSHOOP,16377.42441502325
WINDSORTON,7775.462170696318
VILJOENSKROON,35026.777426994544
EERSTERUST,30540.179388267567
STEYNSRUS,10873.36944826145
PLOOYSBURG,1586.809861047401
PAULPIETERSBURG,74705.64837989007
MUIZENBERG,58991.78074969198
STEYTLERVILLE,5146.375746831103
REIGERPARK,57946.82916011437
GREYTOWN,35429.76506185011
SCOTTBURGH,30835.082615237363
TYEFU,6394.112433077858
BAYSWATER,20943.451361269505
TAUNG,104544.66172198523
LUSIKISIKI,202472.0897128899
BARBERTON,64645.8687804638
BOSHOF,10540.33455734354
WHITTLESEA,40067.864334601014
KLAPMUTS,13669.020648467384
AKASIA,191804.16760964095
DOUGLASDALE,121902.97567354146
KLERKSKRAAL,3481.7838020476174
LETHLABILE,82629.01349578139
WEMBEZI,32197.063148176796
PINETOWN,92261.40292826173
GREENWOOD PARK,71884.36720762408
GANS BAY,15208.260321434504
DORDRECHT,11524.954464482189
REDELINGHUYS,2421.4694552042192
INCHANGA,52191.52031383231
KLIPPLAAT,3321.525692402228
BALFOUR TVL,26582.776893245147
COLESBERG,8632.794077111264
PAARL,51450.79494325268
TSESENG,30873.900741784677
BLINKPAN,17012.768914188404
NYONI,43903.17054789677
NORMANDIEN,3240.9447161275357
BRAY,4483.086247055395
LENASIA,90944.81370305651
JACOBSDAL,10057.429571625156
DURBANVILLE,72348.75244435121
VAALWATER,20406.17168860264
VILLIERSDORP,23114.820818112454
KOMAGGAS,4580.919753129092
PRETORIA NORTH,31176.31938272112
SOMERSET EAST,20832.237183692443
SWELLENDAM,24159.113673856777
BEDWANG,22926.649381552546
EKUVUKENI,47819.57740929568
BISHOPSTOWE,13408.837134936513
KIRSTENHOF,30267.920539946117
DIEPSLOOT,143391.32772001252
STUTTERHEIM,31037.093618572588
